original_text,true_category,zero_shot
"This is the worst remote we have ever had. The buttons don't work. It looks like it has more options, but it very frustrating to use. I'm love technology and would not recommend this to anyone",Design and Ergonomics,General Product Experience
"I'm having trouble turning my Wii game system on. It doesn't say Wii, it says X-Box. Then again, I'm a dinosaur and it could be me with the problem.",Device Compatibility,Setup and Programming
My Harmony 900 died and I needed a replacement. My one requirement was that it work with a FireTV. This said it did but after several attempts I packaged it back up and sent it back. I actually ended up purchasing the 100 version which doesn't have a screen and you can control with your smartphone and alexa. I don't use the smartphone controller very often but love the alexa integration....Alexa Turn on the Fire TV,Device Compatibility,Device Compatibility
"Are they there yet Nope. Still a pretty big a bite to setup, that has not changed much since I first started using the Harmony One eight or nine years ago and still use it. That model, I have no idea why it still works. It has been dropped, stepped on, kicked across the floor, my dog chewed on it, and it has came apart at the seams. I snap and bend it back into place and it still works. That is just amazing to me. Now to the remote at hand. Harmony Ultimate One IR.Ok what that means is that this is the version that does not have the remote hub that allows you to use the radio frequency to control tech in the next room, though walls. or in cabinets. You can get the remote hub separately here on Amazon, and I will be getting that because I am so tired at looking at all the receivers, players, and crap, I just can't stand it any longer. I want a clean look. Invisible tech.The Harmony Ultimate can control up to 15 devices, and Logitech has a library of nearly a quarter million different home entertainment products and their respective infrared commands. Even if your HDTV or Blu-ray player is obscure, you'll probably be able to control it with this remote.The downside on the buttons is that it has nothing to do with previous versions of Harmony Remotes so now you have to relearn the pattern you were used to. If you are first time Harmony customer no big deal. The only thing I have heard if you get the hub and I have personally not experienced this is that the hub may need to be reset from time to time.You control all your devices with one remote now and be able to make totally customizable control layouts and multi-device macros, then this Harmony One Ultimate will bend to your will. You just need a bit of patience and determination, plus a touch of imagination to turn this remote into anything you need a remote to be. It may take you some time to sit down and put all the entries in. Heck this thing can even control lighting and window blinds if thats your thing.In the end, I love touch screens. It makes everything so much more like your phone. And if you get the hub you can control your tech programed into the Harmony Ultimate from your phone with the downloadable app.Pain in the butt to program, great user experience if you have the patience and tenacity to put in what you need to control. Is that easy NO. If you have trouble doing technical things let your kid do it for you. Or find a twelve year old and bet them ten bucks they can't program it.Mission accomplished. If you have read these reviews on Amazon look into the negative reviews and you will most likely see that a logitech representative is reaching out to the reviewer to help them with a direct email or phone link. I like to see this from companiesUPDATE 6/10/14. I find the right Chanel toggle and left volume toggle too low on the remote for comfortable use. The remote is already shorter than the Harmony One, so that part is not ergonomic at all. Remote should be longer or they should have moved the toggles higher on remote.",Setup and Programming,Setup and Programming
Good book but limited in scope!,General Product Experience,General Product Experience
"This remote does it all and even corrects my mistakes. The help button really works, and I no longer need 4 or 5 remotes. It would seem to be a bit tricky to program, and the Geek Squad did it for be with ease, no fuss and for that I am most gratefull.",Setup and Programming,Setup and Programming
I love the fact I can use one remote to turn everything on. I love that it's touchscreen and how it gives a lot of different options.,TV and Media Control,TV and Media Control
"I owned 2 Harmony One and this is my 3rd Logitech, after 1 month of usage, I can say that this is really an improvement over the Harmony One, this Ultimate One responds faster, feels like you use the stock remote, the touch screen is perfect, you can set up the activity of the touch gesture like a smart phone (like Activator on jailbroken iPhone)The new software My Harmony is also an unbelievable upgrade over the old one.However, if the remote support Unicode to use in other country like me (Vietnam), it will be perfect, besides the screen is also quite small when the words are big, sometime you can not name your devices in full",Touchscreen and Interface,Touchscreen and Interface
"Everyone in my family got tired of having 4-5 remotes to work our TV, DVD player, AppleTV, Sound system and a laptop.There was a lot of clutter, not to mention one or two were always disappearing. So I had a friend make a suggestion and he came up with this Logitech Harmony Ultimate One IR Remote with Customizable Touch Screen Control (915-000224).First, let me say that even after using computers since their inception in the early 80's I wanted no part in even trying to set this up myself.I hired a guy who's in the wiring business of audio-video, telephones etc, and he set it up. He's a pro and eventually he did get it all working, but not before having to speak to tech support on more than one occasion. It seems there was a couple of known bugs but you never get that information on the first go round. Anyway, I can say that even the most challenged (technically) member of my family can use it. i.e. No more complaining. Now, I breeze through turning everything on and off with just one remote. I like the graphic interface and the ease of its use. I love the fact that you pick it up in a dark room and it lights up automatically so you can see the interface without having to push a button first. This is a really good product. In a sense it is a five star product, losing only one star for the set up issues.One other thing to add though, is that there are two parts to the system and, at first, I bought just the remote. I seemed to have missed the fact that you need both the IR Remote AND the Logitech 915-000238 Harmony Home Hub, so I had to buy the other part as well. Note that they are sold together as well as separately but if you buy them both in the same package, it is cheaper than buying them separately.",Setup and Programming,Setup and Programming
"I looked at this remote 2 days ago and decided to try the Harmony 650 first to confirm that Logitech's infra red system would with our equipment and because it does I came back to purchase one of these too however, the price jumped by nearly 40.00.Lower the price and I am a customer of this remote too FWIW, the Harmony 650 works flawlessly.Thank you",General Product Experience,General Product Experience
Just not user friendly enough for me. I couldn't get my dvr to work. Returned for a refund.,TV and Media Control,Setup and Programming
"This one is up in the air, it seems like a good but it doesn't seem well executed. I've basically used all Harmony remotes each with very minimal issues (tweaking settings) but nothing a little programming and a sync couldn't fix. All with the exception of the Elite model, it's very tempting but the price is not premium I want to fork over if it ends up like the Ultimate One model. this is a nice remote and a bit of a conundrum in itself with other issues. The layout and ergonomics are not pleasing to hold and use, although I can use the top video controls (play, pause, rewind, FF, etc.) I rest my middle finger and index finger between the little fin on the bottom, still a klutzy feel. I've been using this for about two week, I'm working with it. I had to setup the swipe lock for the screen because my palm wrecks my entire viewing experience with just a light brush of skin to screen contact. The ability to fully customize the pages would be nice, other than changing a background picture adding and deleting favorite channel icons.The make it or break it part, when I return it will be because of the activities I set up. It's getting old when you switch between activities and one or more component either responds when it shouldn't or doesn't respond at all. My programming is right, I have or currently use at least three of the lower tier remotes. It's frustrating for over 200 dollars, a 40-50 dollar pricetag wouldn't burn me so much. This Ultimate One remote has problems pretty much all the time. Once, a message popped up and told me a sync error, it was hung up for thirty minutes. The message told me to unplug/plug the remote and restart sync, it took maybe two minutes after that. I do it now each time it gets hung up for more than ten minutes I unplug it and restart the sync, two minutes and I'm fixed for that moment. I'll use my 350's, 650 and 700 remotes because it's beginning to look like those are my only reliable options.This is a nice remote, but everything I mentioned above will cut its lifespan short in my home. I desperately would love to try the Elite model but don't want to deal with another letdown. I've heard that customer service is mostly overseas, that's lovely when you need help on a complicated, technical device. Always a pleasure. The 12 month warranty is a little scary as well, 2 days out of warranty, we can't help you. These (all) companies are consistently cheapening materials and other components, making customer service lousy so everybody will give up and go fork out more money for replacements. I'll go back to using the individual component remotes. I'm still up in the air about this remote. Again I would love the Elite model but 367 days later and it bites the dust, I would not be very happy.",Design and Ergonomics,Setup and Programming
this remote replaced an older model and i was able to get all our accesories on one unit rather then many remotes,Software and App,Device Compatibility
"I have used Harmony remotes for many years, and I have loved them until Logitech bought the company. They have been going downhill ever since. I bought this Harmony Ultimate today and was almost done with the settings. I tried to sync and got a server error. Now my remote is a brick. It says sync in progress and nothing I do clears it.The MyHarmony software looks like an Alpha release. It is very user unfriendly, and the Macintosh version looks like the programmer didn't even test some functions.I will come back and update my review when Logitech gets their servers working and they fix the software.",General Product Experience,Software and App
"This really is an awesome remote and I have always had very good experiences with Logitech products. Customize buttons, color touch screen buttons, very smart remote. For me it was well worth the price.",Device Compatibility,Touchscreen and Interface
Great,General Product Experience,General Product Experience
"I've had a Harmony One remote for a few years and have been very happy with it. I decided to upgrade to the Harmony Ultimate One. This has been the single most disappointing purchase I have ever made with regards to an electronics purchase. Firstly you cannot control your Amazon FireTV and other devices with it unless you shell out more money and buy the hub (which I did and will be leaving the same feedback for that also). The original Harmony One is able to control the FireTV, fast forward a few years and now all of a sudden this new remote has lost the ability to unless you buy the Hub. Let me clarify, You CAN control the Amazon FireTV after you get it set up (with the hub), but switch to another device (AppleTV, ShieldTV, Playstation etc) then go back to the FireTV, the bluetooth disconnects and you have to go through a grueling process to reconnect it all again by resetting the Hub, deleting your device, re-adding your device. It's a 140 paper weight. I'm computer savvy and electronics savvy, but I have to say this is the most frustrating piece of plastic I've ever purchased. Take my advice and save your money...",General Product Experience,Device Compatibility
Does everything I needed it to do. Easily programmed. Does away with multiple remotes. Turns on everything with one push of the button and controls each individual product when needed.,Device Compatibility,Setup and Programming
Let me start by saying that I now own two of these remotes and a hub. My main concern is the support. I set up my original remote without issue then I bough another remote for the bedroom and had a couple of problems getting it to work correctly. Each time I would fix my issue BEFORE I received a response from logitech support. They did not have an accurate record of my two remotes my second remote was refurbished and after support got fed up with me I was told my complementary support was over because it was a refurbished unit AND they felt like they had to tell me who the two previous owners were I don't think that information is any of my businessI thought this morning I wonder how you change the battery guess what... you cant....For such an expensive remote I really expect better support AND to be able to change the battery,TV and Media Control,Battery and Charging
"The software to configure the remote works great, it's an improvement over the old app I used with my previous Harmony One.The battery life is too short compared to the Harmony One. I have to put it back in the charger about every third day.The transport controls are located at the very top and require a second hand to operate.",Battery and Charging,Battery and Charging
"I think these things go for $200 and if you got one at $99 you did yourself a nice favor. Controller is great, design, comfort and what it does. Replaces all controllers and executes an activity with one touch. Like playing your game console, changes all inputs, turns off others not needed. If you turn off the ""swipe to unlock"" you may find yourself touching the screen, executing an activity by accident. I had to turn mine on again after this kept happening. The charging station is really nice and looks impressive. Battery life undocked is only 4 days, so just dock it when you can overnight. Screen has a decent resolution, but not anything to brag about. You can upload your own icons for activities, found mine searching google images for a tv, game, music, etc.",Battery and Charging,General Product Experience
"Needed to replace a Harmony 650 that I'd wore out the buttons on from use. After upgrading to a new TV, decided to upgrade to a more advanced remote, and Harmony was best option. Was able to get this remote for a little over 100 and so far its proven well worth it. Imported my 650 config into my new remote and in 5 minutes it was working great. Only tweeked a few settings so far and easy via newer software interface. Overall ver pleased with this remotes performance.",Battery and Charging,Setup and Programming
"This remote was an upgrade for me from my original 650 Harmony. They interface is better than the originals, but the IR beam doesn't seem to be as wide. You have to be pointing right at the device to get a response. This remote does have a second IR blaster, but it's on the bottom for when you're using the touch screen. Other than that, great remote that really lives up to the Harmony name. The charger is quick and the battery lasts at least a week with normal use. Very much worth the price.",Setup and Programming,TV and Media Control
Big improvement easy setup and easy to use. I have many different devices and guests always had difficulty turning everything on properly. Now one touch and everything comes on automatically each time should have done it a long time ago.,Device Compatibility,Setup and Programming
"When I was a kid (I'm 45 now) it seemed like we always had 3 - 8 remotes sitting on the coffee at any given time while growing up. Trying to figure out how to watch a movie on the VCR could be a real challenge sometimes. Then Logitech/Harmony started making these remotes that controlled everything and they have only gotten better with time. I liked this one so much that I bought two of them - one for the family room and one for my man cave in the garage. I really like how easy it is now to hook these remotes up to a computer, program them exactly the way I want with favorites and different devices etc. The first time I did it, it took about an hour. However, I created a profile on their website and the second time I did it, it was only a matter of minutes because it had saved all my information from the first time and I had more experience doing it, too.One Note: Before you start, get a pad of paper and a pencil/pen and write down ALL the makes and model numbers of all the devices you want this thing to control. It will make programming it go a lot faster when you sit down in front of the computer to do it the first time :) Enjoy!",TV and Media Control,Setup and Programming
No more multi remotes and trying to juggle them to get one event.organize all your devices or components programmed into this remarkable remote.,Setup and Programming,Setup and Programming
still getting use to it,TV and Media Control,General Product Experience
I would highly recommend this product. It is so much improved over the last remote we had.,General Product Experience,General Product Experience
Works as expected. Transmitter is in an odd place on the bottom of remote causing unit to be held almost vertical to send signal to devices.,General Product Experience,Design and Ergonomics
"Really pleased with this . . . better and simpler than the previous version I had. The updated version of the one I had was over double the price of this baby, so it was an easy (and good) choice to make.",Device Compatibility,General Product Experience
Love the ability to have it immediately illuminate when picked up or moved so you can see the screen without touching any buttons. Fairly intuitive to setup and a great way to combine your devices into one remote.,General Product Experience,Setup and Programming
"Always a fan of Logitech, they make technology easier for people that aren't tech savvy like me!",Touchscreen and Interface,General Product Experience
Works well with the tv an cable box. I love the ability to store favorite channels with the remote.,General Product Experience,TV and Media Control
GREAT product. OVERKILL for the TV and Soundbar... but this is my second Harmony and a super product.,TV and Media Control,TV and Media Control
"I have multiple brands of AV equipment, and this remote is very easy to program. It links the correct pieces for the desired activity. I highly recommend this remote.",General Product Experience,Setup and Programming
"I bought this on the recommendation of my daughter. It has replaced our coffee table mess of six different remotes with only one. It has a learning curve to problem solving, but if you are somewhat techno savvy, you should be OK. I do not know if my non-techno savvy husband could have set this up since it requires an online setup. He has, however, learned to use it and is delighted with how it works.",Setup and Programming,Setup and Programming
This is a great flexible remote that's easy to program. Just be sure you remember to put it in the charger every day or two.,Setup and Programming,Battery and Charging
Works great and easy to set up,Battery and Charging,Setup and Programming
"I HAD THE GEEK SQUAD SET THE REMOTE UP, THEY DID A GREAT JOB AND THE REMOTE IS SO EASY TO USE. LOVE IT",Setup and Programming,Setup and Programming
worst remote on the planet you'd be lucky to get 2 days charge out of the pos it's constantly not turning devices on and if you accidently drop it screen will crack in a heartbeat. worst remote logitech ever made!!,Setup and Programming,Battery and Charging
Already owned one of these for the family room and liked it so much that I bought this one for the bedroom. Great product!,Battery and Charging,General Product Experience
"These work really well. I have one and bought one for my parents. They're pretty easy to set up on your own, the software walks you through everything. I set them up using a laptop with Windows so I'm not sure how or if it would work with iOs.",General Product Experience,Setup and Programming
"Easy to setup. Sometimes it does not turn the TV on, I have to do it manually.",Software and App,TV and Media Control
very poor quality,TV and Media Control,General Product Experience
My old logitech remote got broken so I bought this one hoping it will be better with new features. It's junk. Easy to program but it does work properly. Stay away from this one.,General Product Experience,General Product Experience
"Didn't see a use for it. I did buy a simpler Harmony, the 650.Rich",Setup and Programming,General Product Experience
"very smart remote , many options ,",General Product Experience,General Product Experience
Decent remote. But at times freezes but once we put it to charging cradle it resets.,General Product Experience,General Product Experience
Took a long time to get this set up as one must use a computer and manually select each component. I still can't get it to work with the sound bar. Old model of this remote was much better when all I had to do was point it at the device that I wanted to link it to and push a button for it to automatically connect to each device.Too much money for this product - next time I'd go with a cheaper alternative,Battery and Charging,Setup and Programming
our equipment is in a closet needed the harmony remote to eliminate the wires,Setup and Programming,General Product Experience
