original_text,true_category,zero_shot,few_shot
"I've had a Harmony One remote for a few years and have been very happy with it. I decided to upgrade to the Harmony Ultimate One. This has been the single most disappointing purchase I have ever made with regards to an electronics purchase. Firstly you cannot control your Amazon FireTV and other devices with it unless you shell out more money and buy the hub (which I did and will be leaving the same feedback for that also). The original Harmony One is able to control the FireTV, fast forward a few years and now all of a sudden this new remote has lost the ability to unless you buy the Hub. Let me clarify, You CAN control the Amazon FireTV after you get it set up (with the hub), but switch to another device (AppleTV, ShieldTV, Playstation etc) then go back to the FireTV, the bluetooth disconnects and you have to go through a grueling process to reconnect it all again by resetting the Hub, deleting your device, re-adding your device. It's a 140 paper weight. I'm computer savvy and electronics savvy, but I have to say this is the most frustrating piece of plastic I've ever purchased. Take my advice and save your money...",General Product Experience,Device Compatibility,Device Compatibility
Big improvement easy setup and easy to use. I have many different devices and guests always had difficulty turning everything on properly. Now one touch and everything comes on automatically each time should have done it a long time ago.,Device Compatibility,Setup and Programming,TV and Media Control
No more multi remotes and trying to juggle them to get one event.organize all your devices or components programmed into this remarkable remote.,Setup and Programming,Setup and Programming,TV and Media Control
still getting use to it,TV and Media Control,General Product Experience,General Product Experience
I would highly recommend this product. It is so much improved over the last remote we had.,General Product Experience,General Product Experience,General Product Experience
Works as expected. Transmitter is in an odd place on the bottom of remote causing unit to be held almost vertical to send signal to devices.,General Product Experience,Design and Ergonomics,Design and Ergonomics
"Really pleased with this . . . better and simpler than the previous version I had. The updated version of the one I had was over double the price of this baby, so it was an easy (and good) choice to make.",Device Compatibility,General Product Experience,General Product Experience
Love the ability to have it immediately illuminate when picked up or moved so you can see the screen without touching any buttons. Fairly intuitive to setup and a great way to combine your devices into one remote.,General Product Experience,Setup and Programming,Touchscreen and Interface
Works well with the tv an cable box. I love the ability to store favorite channels with the remote.,General Product Experience,TV and Media Control,TV and Media Control
GREAT product. OVERKILL for the TV and Soundbar... but this is my second Harmony and a super product.,TV and Media Control,TV and Media Control,General Product Experience
"I have multiple brands of AV equipment, and this remote is very easy to program. It links the correct pieces for the desired activity. I highly recommend this remote.",General Product Experience,Setup and Programming,Setup and Programming
"I bought this on the recommendation of my daughter. It has replaced our coffee table mess of six different remotes with only one. It has a learning curve to problem solving, but if you are somewhat techno savvy, you should be OK. I do not know if my non-techno savvy husband could have set this up since it requires an online setup. He has, however, learned to use it and is delighted with how it works.",Setup and Programming,Setup and Programming,Setup and Programming
This is a great flexible remote that's easy to program. Just be sure you remember to put it in the charger every day or two.,Setup and Programming,Battery and Charging,Battery and Charging
"I HAD THE GEEK SQUAD SET THE REMOTE UP, THEY DID A GREAT JOB AND THE REMOTE IS SO EASY TO USE. LOVE IT",Setup and Programming,Setup and Programming,Setup and Programming
worst remote on the planet you'd be lucky to get 2 days charge out of the pos it's constantly not turning devices on and if you accidently drop it screen will crack in a heartbeat. worst remote logitech ever made!!,Setup and Programming,Battery and Charging,Battery and Charging
Already owned one of these for the family room and liked it so much that I bought this one for the bedroom. Great product!,Battery and Charging,General Product Experience,General Product Experience
"These work really well. I have one and bought one for my parents. They're pretty easy to set up on your own, the software walks you through everything. I set them up using a laptop with Windows so I'm not sure how or if it would work with iOs.",General Product Experience,Setup and Programming,Setup and Programming
very poor quality,TV and Media Control,General Product Experience,General Product Experience
My old logitech remote got broken so I bought this one hoping it will be better with new features. It's junk. Easy to program but it does work properly. Stay away from this one.,General Product Experience,General Product Experience,General Product Experience
"Didn't see a use for it. I did buy a simpler Harmony, the 650.Rich",Setup and Programming,General Product Experience,General Product Experience
"very smart remote , many options ,",General Product Experience,General Product Experience,General Product Experience
Decent remote. But at times freezes but once we put it to charging cradle it resets.,General Product Experience,General Product Experience,Battery and Charging
Took a long time to get this set up as one must use a computer and manually select each component. I still can't get it to work with the sound bar. Old model of this remote was much better when all I had to do was point it at the device that I wanted to link it to and push a button for it to automatically connect to each device.Too much money for this product - next time I'd go with a cheaper alternative,Battery and Charging,Setup and Programming,Setup and Programming
our equipment is in a closet needed the harmony remote to eliminate the wires,Setup and Programming,General Product Experience,TV and Media Control
